run_name,method,tier,owner,category,dataset,split,seed,config_hash,git_sha,dirty,resolution,n_train,n_validation,n_test,image_auroc,image_aupr,f1max_oracle,fpr_at_op1,recall_at_op1,pixel_auroc,aupro_005,aupro_030,segf1_3sigma,iou_3sigma,threshold_op1,threshold_3sigma,threshold_source,oracle_flag,fit_seconds,predict_seconds,latency_per_image_ms,escape_by_defect,fit_extra,notes
random-synth_strip-s0,random,T0,own,synth_strip,synthetic,test_public,0,1c6f9255413aee1c,f33efc9ba673,True,256,12,5,11,0.2333333333333333,0.4512265512265512,0.7058823529411765,0.0,0.0,0.5182976590823427,0.0014418376215637968,0.06549924171666838,0.0,0.0,0.9631402305631835,0.5641569177001352,validation,False,0.07165530000929721,0.031824999998207204,2.893181818018837,pit=1.000;scratch=1.000,normalizer_bounds=0.4069..0.5759;oracle_f1max_threshold=0.0514406;seed=0,
random-synth_strip-s1,random,T0,own,synth_strip,synthetic,test_public,1,1c6f9255413aee1c,f33efc9ba673,True,256,12,5,11,0.19999999999999998,0.4608164983164983,0.7058823529411765,0.0,0.0,0.5173838320074008,0.0018282384668614402,0.12132850397073826,0.0,0.0,0.9746456543817068,0.5651665521470195,validation,False,0.019098599994322285,0.029310899990377948,2.664627271852541,pit=1.000;scratch=1.000,normalizer_bounds=0.4189..0.588;oracle_f1max_threshold=0.00519592;seed=1,
random-synth_strip-s2,random,T0,own,synth_strip,synthetic,test_public,2,1c6f9255413aee1c,f33efc9ba673,True,256,12,5,11,0.3333333333333333,0.5001683501683503,0.7058823529411765,0.2,0.0,0.42784129250761244,0.018476512009265245,0.09889769212360185,0.0,0.0,0.9923412721204786,0.5661989665446537,validation,False,0.0293418999935966,0.03266060000169091,2.9691454546991736,pit=1.000;scratch=1.000,normalizer_bounds=0.4104..0.5902;oracle_f1max_threshold=0.0363352;seed=2,
mean_intensity-synth_strip-s0,mean_intensity,T0,own,synth_strip,synthetic,test_public,0,1c6f9255413aee1c,f33efc9ba673,True,256,12,5,11,0.36666666666666664,0.6067821067821068,0.7058823529411765,0.0,0.16666666666666666,0.43680088122779426,0.061210147295052954,0.21557386248387334,0.0,0.0,1.8725336647636268,2.245851561167422,validation,False,0.028018700002576225,0.0326850999990711,2.9713727271882817,pit=0.667;scratch=1.000,normalizer_bounds=1.136..1.873;oracle_f1max_threshold=0.162573;train_mean=-0.917104129989942;train_std=0.06110619067811722,
mean_intensity-synth_strip-s1,mean_intensity,T0,own,synth_strip,synthetic,test_public,1,1c6f9255413aee1c,f33efc9ba673,True,256,12,5,11,0.36666666666666664,0.6067821067821068,0.7058823529411765,0.0,0.16666666666666666,0.43680088122779426,0.061210147295052954,0.21557386248387334,0.0,0.0,1.8725336647636268,2.245851561167422,validation,False,0.024358000009669922,0.03211290000763256,2.9193545461484147,pit=0.667;scratch=1.000,normalizer_bounds=1.136..1.873;oracle_f1max_threshold=0.162573;train_mean=-0.917104129989942;train_std=0.06110619067811722,
mean_intensity-synth_strip-s2,mean_intensity,T0,own,synth_strip,synthetic,test_public,2,1c6f9255413aee1c,f33efc9ba673,True,256,12,5,11,0.36666666666666664,0.6067821067821068,0.7058823529411765,0.0,0.16666666666666666,0.43680088122779426,0.061210147295052954,0.21557386248387334,0.0,0.0,1.8725336647636268,2.245851561167422,validation,False,0.026603100006468594,0.03134149999823421,2.8492272725667465,pit=0.667;scratch=1.000,normalizer_bounds=1.136..1.873;oracle_f1max_threshold=0.162573;train_mean=-0.917104129989942;train_std=0.06110619067811722,
histogram-synth_strip-s0,histogram,T0,own,synth_strip,synthetic,test_public,0,1c6f9255413aee1c,f33efc9ba673,True,256,12,5,11,0.39999999999999997,0.6186868686868687,0.7058823529411765,0.0,0.16666666666666666,0.44815697288217493,0.061210147295052954,0.21557386248387334,0.0,0.0,0.06668306754758765,0.087431999760751,validation,False,0.0409081999969203,0.041234000003896654,3.7485454548996957,pit=0.667;scratch=1.000,bins=64;normalizer_bounds=0.02959..0.06668;oracle_f1max_threshold=0.0139634,
histogram-synth_strip-s1,histogram,T0,own,synth_strip,synthetic,test_public,1,1c6f9255413aee1c,f33efc9ba673,True,256,12,5,11,0.39999999999999997,0.6186868686868687,0.7058823529411765,0.0,0.16666666666666666,0.44815697288217493,0.061210147295052954,0.21557386248387334,0.0,0.0,0.06668306754758765,0.087431999760751,validation,False,0.03648840000096243,0.04457060000277124,4.051872727524659,pit=0.667;scratch=1.000,bins=64;normalizer_bounds=0.02959..0.06668;oracle_f1max_threshold=0.0139634,
histogram-synth_strip-s2,histogram,T0,own,synth_strip,synthetic,test_public,2,1c6f9255413aee1c,f33efc9ba673,True,256,12,5,11,0.39999999999999997,0.6186868686868687,0.7058823529411765,0.0,0.16666666666666666,0.44815697288217493,0.061210147295052954,0.21557386248387334,0.0,0.0,0.06668306754758765,0.087431999760751,validation,False,0.03642249999393243,0.043633200009935535,3.966654546357776,pit=0.667;scratch=1.000,bins=64;normalizer_bounds=0.02959..0.06668;oracle_f1max_threshold=0.0139634,
pixel_pca-synth_strip-s0,pixel_pca,T0,own,synth_strip,synthetic,test_public,0,1c6f9255413aee1c,f33efc9ba673,True,256,12,5,11,0.5333333333333333,0.7044973544973544,0.75,0.0,0.16666666666666666,0.9852618327968051,0.8461146912863939,0.9593274415809357,0.27016885553470915,0.1561822125813449,0.17660334706306458,0.281788613284902,validation,False,0.13581790000898764,0.04072610000730492,3.7023727279368113,pit=1.000;scratch=0.667,explained_variance_ratio=1.0;n_components=11;normalizer_bounds=0.04619..0.2816;oracle_f1max_threshold=0.0633849,
pixel_pca-synth_strip-s1,pixel_pca,T0,own,synth_strip,synthetic,test_public,1,1c6f9255413aee1c,f33efc9ba673,True,256,12,5,11,0.5333333333333333,0.7044973544973544,0.75,0.0,0.16666666666666666,0.9852618327968051,0.8461146912863939,0.9593274415809357,0.27016885553470915,0.1561822125813449,0.17660334706306458,0.281788613284902,validation,False,0.034145899990107864,0.03746140000293963,3.405581818449057,pit=1.000;scratch=0.667,explained_variance_ratio=1.0;n_components=11;normalizer_bounds=0.04619..0.2816;oracle_f1max_threshold=0.0633849,
pixel_pca-synth_strip-s2,pixel_pca,T0,own,synth_strip,synthetic,test_public,2,1c6f9255413aee1c,f33efc9ba673,True,256,12,5,11,0.5333333333333333,0.7044973544973544,0.75,0.0,0.16666666666666666,0.9852618327968051,0.8461146912863939,0.9593274415809357,0.27016885553470915,0.1561822125813449,0.17660334706306458,0.281788613284902,validation,False,0.03353859999333508,0.03853039999376051,3.50276363579641,pit=1.000;scratch=0.667,explained_variance_ratio=1.0;n_components=11;normalizer_bounds=0.04619..0.2816;oracle_f1max_threshold=0.0633849,
random-synth_blob-s0,random,T0,own,synth_blob,synthetic,test_public,0,1c6f9255413aee1c,f33efc9ba673,True,256,12,5,11,0.3333333333333333,0.4890572390572391,0.7058823529411765,0.4,0.0,0.5786893568418652,0.004790577111278063,0.17871581292160443,0.0,0.0,0.837145348474503,0.5312778406323748,validation,False,0.04754670000693295,0.05557969999790657,5.052699999809689,bubble=1.000;contamination=1.000,normalizer_bounds=0.4513..0.538;oracle_f1max_threshold=0.0263439;seed=0,
random-synth_blob-s1,random,T0,own,synth_blob,synthetic,test_public,1,1c6f9255413aee1c,f33efc9ba673,True,256,12,5,11,0.7333333333333333,0.8107142857142856,0.7692307692307693,0.0,0.16666666666666666,0.5034935831785705,0.007739158695857628,0.11897093106413875,0.0,0.0,0.9793179008936581,0.5316534954920894,validation,False,0.04426299998885952,0.055790499987779185,5.071863635252654,bubble=1.000;contamination=0.667,normalizer_bounds=0.461..0.5481;oracle_f1max_threshold=0.534571;seed=1,
random-synth_blob-s2,random,T0,own,synth_blob,synthetic,test_public,2,1c6f9255413aee1c,f33efc9ba673,True,256,12,5,11,0.36666666666666664,0.5194805194805194,0.7058823529411765,0.2,0.0,0.5777477694538921,0.014944524516105116,0.1828125054604114,0.0,0.0,0.8503274555926028,0.5320158996598748,validation,False,0.05510559999675024,0.05772370001068339,5.2476090918803076,bubble=1.000;contamination=1.000,normalizer_bounds=0.4571..0.544;oracle_f1max_threshold=0.0195238;seed=2,
mean_intensity-synth_blob-s0,mean_intensity,T0,own,synth_blob,synthetic,test_public,0,1c6f9255413aee1c,f33efc9ba673,True,256,12,5,11,0.6666666666666666,0.8168350168350168,0.7272727272727273,0.0,0.0,0.5684730502726906,0.04625658331259849,0.274041056616742,0.0,0.0,2.342742072674766,3.2886292646542876,validation,False,0.04000220001034904,0.05250299999897834,4.772999999907122,bubble=1.000;contamination=1.000,normalizer_bounds=0.01284..2.343;oracle_f1max_threshold=0.479059;train_mean=1.6258691847324371;train_std=0.07597786717802081,
mean_intensity-synth_blob-s1,mean_intensity,T0,own,synth_blob,synthetic,test_public,1,1c6f9255413aee1c,f33efc9ba673,True,256,12,5,11,0.6666666666666666,0.8168350168350168,0.7272727272727273,0.0,0.0,0.5684730502726906,0.04625658331259849,0.274041056616742,0.0,0.0,2.342742072674766,3.2886292646542876,validation,False,0.04685450000397395,0.055703099991660565,5.0639181810600515,bubble=1.000;contamination=1.000,normalizer_bounds=0.01284..2.343;oracle_f1max_threshold=0.479059;train_mean=1.6258691847324371;train_std=0.07597786717802081,
mean_intensity-synth_blob-s2,mean_intensity,T0,own,synth_blob,synthetic,test_public,2,1c6f9255413aee1c,f33efc9ba673,True,256,12,5,11,0.6666666666666666,0.8168350168350168,0.7272727272727273,0.0,0.0,0.5684730502726906,0.04625658331259849,0.274041056616742,0.0,0.0,2.342742072674766,3.2886292646542876,validation,False,0.0506496000016341,0.05072610000206623,4.611463636551476,bubble=1.000;contamination=1.000,normalizer_bounds=0.01284..2.343;oracle_f1max_threshold=0.479059;train_mean=1.6258691847324371;train_std=0.07597786717802081,
histogram-synth_blob-s0,histogram,T0,own,synth_blob,synthetic,test_public,0,1c6f9255413aee1c,f33efc9ba673,True,256,12,5,11,0.9333333333333333,0.9583333333333333,0.9090909090909091,0.0,0.16666666666666666,0.6637285312097184,0.04580074115135091,0.27633324575540513,0.0,0.0,0.10402801194513805,0.13339732563148027,validation,False,0.0768549000058556,0.08456050000677351,7.687318182433955,bubble=0.667;contamination=1.000,bins=64;normalizer_bounds=0.03372..0.104;oracle_f1max_threshold=0.0615939,
histogram-synth_blob-s1,histogram,T0,own,synth_blob,synthetic,test_public,1,1c6f9255413aee1c,f33efc9ba673,True,256,12,5,11,0.9333333333333333,0.9583333333333333,0.9090909090909091,0.0,0.16666666666666666,0.6637285312097184,0.04580074115135091,0.27633324575540513,0.0,0.0,0.10402801194513805,0.13339732563148027,validation,False,0.08578760000818875,0.09417280000343453,8.561163636675866,bubble=0.667;contamination=1.000,bins=64;normalizer_bounds=0.03372..0.104;oracle_f1max_threshold=0.0615939,
histogram-synth_blob-s2,histogram,T0,own,synth_blob,synthetic,test_public,2,1c6f9255413aee1c,f33efc9ba673,True,256,12,5,11,0.9333333333333333,0.9583333333333333,0.9090909090909091,0.0,0.16666666666666666,0.6637285312097184,0.04580074115135091,0.27633324575540513,0.0,0.0,0.10402801194513805,0.13339732563148027,validation,False,0.08744889999798033,0.08533069999248255,7.757336362952959,bubble=0.667;contamination=1.000,bins=64;normalizer_bounds=0.03372..0.104;oracle_f1max_threshold=0.0615939,
pixel_pca-synth_blob-s0,pixel_pca,T0,own,synth_blob,synthetic,test_public,0,1c6f9255413aee1c,f33efc9ba673,True,256,12,5,11,0.29999999999999993,0.4862433862433862,0.75,0.2,0.16666666666666666,0.8711883869350994,0.31468779875706065,0.549883330738859,0.2186161821050259,0.12272267206477733,0.271790474653244,0.6986004187419188,validation,False,0.051228500000433996,0.06356439999944996,5.778581818131815,bubble=1.000;contamination=0.667,explained_variance_ratio=1.0;n_components=11;normalizer_bounds=0.003195..1.082;oracle_f1max_threshold=0.187763,
pixel_pca-synth_blob-s1,pixel_pca,T0,own,synth_blob,synthetic,test_public,1,1c6f9255413aee1c,f33efc9ba673,True,256,12,5,11,0.29999999999999993,0.4862433862433862,0.75,0.2,0.16666666666666666,0.8711883869350994,0.31468779875706065,0.549883330738859,0.2186161821050259,0.12272267206477733,0.271790474653244,0.6986004187419188,validation,False,0.05299369999556802,0.059526599987293594,5.411509089753963,bubble=1.000;contamination=0.667,explained_variance_ratio=1.0;n_components=11;normalizer_bounds=0.003195..1.082;oracle_f1max_threshold=0.187763,
pixel_pca-synth_blob-s2,pixel_pca,T0,own,synth_blob,synthetic,test_public,2,1c6f9255413aee1c,f33efc9ba673,True,256,12,5,11,0.29999999999999993,0.4862433862433862,0.75,0.2,0.16666666666666666,0.8711883869350994,0.31468779875706065,0.549883330738859,0.2186161821050259,0.12272267206477733,0.271790474653244,0.6986004187419188,validation,False,0.04986009999993257,0.063325299997814,5.756845454346728,bubble=1.000;contamination=0.667,explained_variance_ratio=1.0;n_components=11;normalizer_bounds=0.003195..1.082;oracle_f1max_threshold=0.187763,
random-synth_grain-s0,random,T0,own,synth_grain,synthetic,test_public,0,1c6f9255413aee1c,f33efc9ba673,True,256,12,5,11,0.3333333333333333,0.4890572390572391,0.7058823529411765,0.4,0.0,0.45619926887859896,0.037716806749504984,0.13997437045059452,0.0,0.0,0.837145348474503,0.5312778406323748,validation,False,0.042027999996207654,0.05809560000489,5.281418182262727,chip=1.000;crack=1.000,normalizer_bounds=0.4513..0.538;oracle_f1max_threshold=0.0263439;seed=0,
random-synth_grain-s1,random,T0,own,synth_grain,synthetic,test_public,1,1c6f9255413aee1c,f33efc9ba673,True,256,12,5,11,0.7333333333333333,0.8107142857142856,0.7692307692307693,0.0,0.16666666666666666,0.617192115832251,0.00999025313514992,0.21672861648767652,0.0,0.0,0.9793179008936581,0.5316534954920894,validation,False,0.0369584999862127,0.05734520000987686,5.2132000008978965,chip=1.000;crack=0.667,normalizer_bounds=0.461..0.5481;oracle_f1max_threshold=0.534571;seed=1,
random-synth_grain-s2,random,T0,own,synth_grain,synthetic,test_public,2,1c6f9255413aee1c,f33efc9ba673,True,256,12,5,11,0.36666666666666664,0.5194805194805194,0.7058823529411765,0.2,0.0,0.42905778415121426,0.0,0.07531292994954927,0.0,0.0,0.8503274555926028,0.5320158996598748,validation,False,0.03502880000451114,0.057850800003507175,5.25916363668247,chip=1.000;crack=1.000,normalizer_bounds=0.4571..0.544;oracle_f1max_threshold=0.0195238;seed=2,
mean_intensity-synth_grain-s0,mean_intensity,T0,own,synth_grain,synthetic,test_public,0,1c6f9255413aee1c,f33efc9ba673,True,256,12,5,11,0.3333333333333333,0.579004329004329,0.7058823529411765,0.0,0.16666666666666666,0.49285133813290677,0.047296882280679464,0.14465927591178307,0.07192962921723639,0.0373065373065373,1.7007587886215816,2.3620199855067185,validation,False,0.04318059999786783,0.049017600002116524,4.456145454737865,chip=0.667;crack=1.000,normalizer_bounds=0.3981..1.701;oracle_f1max_threshold=0.0646529;train_mean=-0.5821719666322073;train_std=0.1089354255415805,
mean_intensity-synth_grain-s1,mean_intensity,T0,own,synth_grain,synthetic,test_public,1,1c6f9255413aee1c,f33efc9ba673,True,256,12,5,11,0.3333333333333333,0.579004329004329,0.7058823529411765,0.0,0.16666666666666666,0.49285133813290677,0.047296882280679464,0.14465927591178307,0.07192962921723639,0.0373065373065373,1.7007587886215816,2.3620199855067185,validation,False,0.0499063000024762,0.055789000005461276,5.071727273223752,chip=0.667;crack=1.000,normalizer_bounds=0.3981..1.701;oracle_f1max_threshold=0.0646529;train_mean=-0.5821719666322073;train_std=0.1089354255415805,
mean_intensity-synth_grain-s2,mean_intensity,T0,own,synth_grain,synthetic,test_public,2,1c6f9255413aee1c,f33efc9ba673,True,256,12,5,11,0.3333333333333333,0.579004329004329,0.7058823529411765,0.0,0.16666666666666666,0.49285133813290677,0.047296882280679464,0.14465927591178307,0.07192962921723639,0.0373065373065373,1.7007587886215816,2.3620199855067185,validation,False,0.041150700009893626,0.05462930000794586,4.966300000722351,chip=0.667;crack=1.000,normalizer_bounds=0.3981..1.701;oracle_f1max_threshold=0.0646529;train_mean=-0.5821719666322073;train_std=0.1089354255415805,
histogram-synth_grain-s0,histogram,T0,own,synth_grain,synthetic,test_public,0,1c6f9255413aee1c,f33efc9ba673,True,256,12,5,11,0.7333333333333334,0.8214646464646465,0.8333333333333334,0.0,0.3333333333333333,0.7189931537821744,0.047296882280679464,0.2370608789672404,0.0,0.0,0.03176203178095307,0.042003633017312914,validation,False,0.09365450000041164,0.08471860000281595,7.701690909346905,chip=0.667;crack=0.667,bins=64;normalizer_bounds=0.004759..0.03176;oracle_f1max_threshold=0.00871359,
histogram-synth_grain-s1,histogram,T0,own,synth_grain,synthetic,test_public,1,1c6f9255413aee1c,f33efc9ba673,True,256,12,5,11,0.7333333333333334,0.8214646464646465,0.8333333333333334,0.0,0.3333333333333333,0.7189931537821744,0.047296882280679464,0.2370608789672404,0.0,0.0,0.03176203178095307,0.042003633017312914,validation,False,0.0801602000137791,0.09137039999768604,8.30639999978964,chip=0.667;crack=0.667,bins=64;normalizer_bounds=0.004759..0.03176;oracle_f1max_threshold=0.00871359,
histogram-synth_grain-s2,histogram,T0,own,synth_grain,synthetic,test_public,2,1c6f9255413aee1c,f33efc9ba673,True,256,12,5,11,0.7333333333333334,0.8214646464646465,0.8333333333333334,0.0,0.3333333333333333,0.7189931537821744,0.047296882280679464,0.2370608789672404,0.0,0.0,0.03176203178095307,0.042003633017312914,validation,False,0.08732289999898057,0.09157190000405535,8.32471818218685,chip=0.667;crack=0.667,bins=64;normalizer_bounds=0.004759..0.03176;oracle_f1max_threshold=0.00871359,
pixel_pca-synth_grain-s0,pixel_pca,T0,own,synth_grain,synthetic,test_public,0,1c6f9255413aee1c,f33efc9ba673,True,256,12,5,11,0.6,0.7787397787397787,0.7058823529411765,0.0,0.0,0.9840236613261277,0.4897338825433787,0.6866855520778589,0.8271604938271604,0.7052631578947368,0.2700449228286743,0.9345755678122342,validation,False,0.04779910000797827,0.06303590000607073,5.730536364188248,chip=1.000;crack=1.000,explained_variance_ratio=1.0;n_components=11;normalizer_bounds=2.384e-07..1.491;oracle_f1max_threshold=0.162091,
pixel_pca-synth_grain-s1,pixel_pca,T0,own,synth_grain,synthetic,test_public,1,1c6f9255413aee1c,f33efc9ba673,True,256,12,5,11,0.6,0.7787397787397787,0.7058823529411765,0.0,0.0,0.9840236613261277,0.4897338825433787,0.6866855520778589,0.8271604938271604,0.7052631578947368,0.2700449228286743,0.9345755678122342,validation,False,0.06022050000319723,0.060207300004549325,5.473390909504484,chip=1.000;crack=1.000,explained_variance_ratio=1.0;n_components=11;normalizer_bounds=2.384e-07..1.491;oracle_f1max_threshold=0.162091,
pixel_pca-synth_grain-s2,pixel_pca,T0,own,synth_grain,synthetic,test_public,2,1c6f9255413aee1c,f33efc9ba673,True,256,12,5,11,0.6,0.7787397787397787,0.7058823529411765,0.0,0.0,0.9840236613261277,0.4897338825433787,0.6866855520778589,0.8271604938271604,0.7052631578947368,0.2700449228286743,0.9345755678122342,validation,False,0.05193509999662638,0.061998499993933365,5.63622727217576,chip=1.000;crack=1.000,explained_variance_ratio=1.0;n_components=11;normalizer_bounds=2.384e-07..1.491;oracle_f1max_threshold=0.162091,
