category,corruption,severity,refused
pcb1,clean,0,0.05
pcb1,gaussian_blur,1,1.0
pcb1,gaussian_blur,2,1.0
pcb1,gaussian_blur,3,1.0
pcb1,gaussian_blur,4,1.0
pcb1,gaussian_blur,5,1.0
pcb1,defocus_blur,1,0.995
pcb1,defocus_blur,2,1.0
pcb1,defocus_blur,3,1.0
pcb1,defocus_blur,4,1.0
pcb1,defocus_blur,5,1.0
pcb1,exposure_up,1,1.0
pcb1,exposure_up,2,1.0
pcb1,exposure_up,3,1.0
pcb1,exposure_up,4,1.0
pcb1,exposure_up,5,1.0
pcb1,exposure_down,1,0.995
pcb1,exposure_down,2,1.0
pcb1,exposure_down,3,1.0
pcb1,exposure_down,4,1.0
pcb1,exposure_down,5,1.0
pcb1,spatial_light,1,0.05
pcb1,spatial_light,2,0.05
pcb1,spatial_light,3,0.045
pcb1,spatial_light,4,0.045
pcb1,spatial_light,5,0.055
pcb1,resize_roundtrip,1,0.07
pcb1,resize_roundtrip,2,0.075
pcb1,resize_roundtrip,3,0.18
pcb1,resize_roundtrip,4,0.995
pcb1,resize_roundtrip,5,1.0
pcb1,noise_jpeg,1,0.05
pcb1,noise_jpeg,2,0.05
pcb1,noise_jpeg,3,0.05
pcb1,noise_jpeg,4,0.055
pcb1,noise_jpeg,5,0.055
macaroni2,clean,0,0.005
macaroni2,gaussian_blur,1,0.005
macaroni2,gaussian_blur,2,1.0
macaroni2,gaussian_blur,3,1.0
macaroni2,gaussian_blur,4,1.0
macaroni2,gaussian_blur,5,1.0
macaroni2,defocus_blur,1,0.01
macaroni2,defocus_blur,2,0.455
macaroni2,defocus_blur,3,0.995
macaroni2,defocus_blur,4,1.0
macaroni2,defocus_blur,5,1.0
macaroni2,exposure_up,1,1.0
macaroni2,exposure_up,2,1.0
macaroni2,exposure_up,3,1.0
macaroni2,exposure_up,4,1.0
macaroni2,exposure_up,5,1.0
macaroni2,exposure_down,1,1.0
macaroni2,exposure_down,2,1.0
macaroni2,exposure_down,3,1.0
macaroni2,exposure_down,4,1.0
macaroni2,exposure_down,5,1.0
macaroni2,spatial_light,1,0.01
macaroni2,spatial_light,2,0.01
macaroni2,spatial_light,3,0.005
macaroni2,spatial_light,4,0.005
macaroni2,spatial_light,5,0.01
macaroni2,resize_roundtrip,1,0.005
macaroni2,resize_roundtrip,2,0.015
macaroni2,resize_roundtrip,3,0.02
macaroni2,resize_roundtrip,4,0.44
macaroni2,resize_roundtrip,5,1.0
macaroni2,noise_jpeg,1,0.005
macaroni2,noise_jpeg,2,0.005
macaroni2,noise_jpeg,3,0.005
macaroni2,noise_jpeg,4,0.01
macaroni2,noise_jpeg,5,0.01
capsules,clean,0,0.06875
capsules,gaussian_blur,1,1.0
capsules,gaussian_blur,2,1.0
capsules,gaussian_blur,3,1.0
capsules,gaussian_blur,4,1.0
capsules,gaussian_blur,5,1.0
capsules,defocus_blur,1,1.0
capsules,defocus_blur,2,1.0
capsules,defocus_blur,3,1.0
capsules,defocus_blur,4,1.0
capsules,defocus_blur,5,1.0
capsules,exposure_up,1,0.9875
capsules,exposure_up,2,1.0
capsules,exposure_up,3,1.0
capsules,exposure_up,4,1.0
capsules,exposure_up,5,1.0
capsules,exposure_down,1,0.73125
capsules,exposure_down,2,1.0
capsules,exposure_down,3,1.0
capsules,exposure_down,4,1.0
capsules,exposure_down,5,1.0
capsules,spatial_light,1,0.06875
capsules,spatial_light,2,0.075
capsules,spatial_light,3,0.06875
capsules,spatial_light,4,0.0875
capsules,spatial_light,5,0.08125
capsules,resize_roundtrip,1,0.0375
capsules,resize_roundtrip,2,0.15625
capsules,resize_roundtrip,3,0.54375
capsules,resize_roundtrip,4,0.9625
capsules,resize_roundtrip,5,1.0
capsules,noise_jpeg,1,0.08125
capsules,noise_jpeg,2,0.09375
capsules,noise_jpeg,3,0.13125
capsules,noise_jpeg,4,0.21875
capsules,noise_jpeg,5,0.325
