category,corruption,severity,image_auroc,aupro_005,fpr_at_op1,recall_at_op1,effective_fpr,fp,tn,tp,fn,seconds
pcb1,clean,0,0.9791,0.8619095328924137,0.05,0.85,0.0072992700729927005,5,95,85,15,64.6
pcb1,gaussian_blur,1,0.975,0.8066656500141008,0.18,0.99,0.0072992700729927005,18,82,99,1,62.4
pcb1,gaussian_blur,2,0.7181,0.4124307876072353,1.0,1.0,0.0072992700729927005,100,0,100,0,68.8
pcb1,gaussian_blur,3,0.6518,0.3097613774771932,1.0,1.0,0.0072992700729927005,100,0,100,0,63.8
pcb1,gaussian_blur,4,0.6565,0.177976858378069,1.0,1.0,0.0072992700729927005,100,0,100,0,69.5
pcb1,gaussian_blur,5,0.6292,0.08152213954832281,1.0,1.0,0.0072992700729927005,100,0,100,0,76.3
pcb1,defocus_blur,1,0.9762,0.8493933611958665,0.05,0.87,0.0072992700729927005,5,95,87,13,70.4
pcb1,defocus_blur,2,0.9577,0.7159522227013104,1.0,1.0,0.0072992700729927005,100,0,100,0,87.5
pcb1,defocus_blur,3,0.9274,0.5783860297180208,1.0,1.0,0.0072992700729927005,100,0,100,0,84.5
pcb1,defocus_blur,4,0.8021,0.4750825902502549,1.0,1.0,0.0072992700729927005,100,0,100,0,87.3
pcb1,defocus_blur,5,0.6728,0.3812144503709471,1.0,1.0,0.0072992700729927005,100,0,100,0,82.6
pcb1,exposure_up,1,0.9363,0.7738802831842085,0.46,0.98,0.0072992700729927005,46,54,98,2,79.0
pcb1,exposure_up,2,0.8696,0.5130874454595988,1.0,1.0,0.0072992700729927005,100,0,100,0,79.7
pcb1,exposure_up,3,0.8523,0.3439862238647967,1.0,1.0,0.0072992700729927005,100,0,100,0,65.6
pcb1,exposure_up,4,0.612,0.10225362726199125,1.0,1.0,0.0072992700729927005,100,0,100,0,58.5
pcb1,exposure_up,5,0.4698,0.018438656942938225,1.0,1.0,0.0072992700729927005,100,0,100,0,53.3
pcb1,exposure_down,1,0.9828,0.7842419194463884,0.06,0.93,0.0072992700729927005,6,94,93,7,52.2
pcb1,exposure_down,2,0.9713,0.7133215619991299,0.48,1.0,0.0072992700729927005,48,52,100,0,52.8
pcb1,exposure_down,3,0.9682,0.690420021301113,1.0,1.0,0.0072992700729927005,100,0,100,0,52.1
pcb1,exposure_down,4,0.9658,0.6871263877217152,1.0,1.0,0.0072992700729927005,100,0,100,0,52.1
pcb1,exposure_down,5,0.9615,0.6759742473814984,1.0,1.0,0.0072992700729927005,100,0,100,0,52.8
pcb1,spatial_light,1,0.9783,0.8615035662600276,0.05,0.85,0.0072992700729927005,5,95,85,15,57.7
pcb1,spatial_light,2,0.9797,0.8483046810145163,0.05,0.85,0.0072992700729927005,5,95,85,15,60.8
pcb1,spatial_light,3,0.979,0.8323614275633643,0.03,0.89,0.0072992700729927005,3,97,89,11,57.2
pcb1,spatial_light,4,0.9704,0.8199072714913644,0.05,0.91,0.0072992700729927005,5,95,91,9,55.7
pcb1,spatial_light,5,0.9645,0.8021151752222478,0.09,0.91,0.0072992700729927005,9,91,91,9,68.2
pcb1,resize_roundtrip,1,0.9773,0.8581341058074823,0.05,0.87,0.0072992700729927005,5,95,87,13,56.3
pcb1,resize_roundtrip,2,0.9776,0.8562962144087761,0.05,0.86,0.0072992700729927005,5,95,86,14,43.3
pcb1,resize_roundtrip,3,0.9763,0.8546697827135071,0.05,0.87,0.0072992700729927005,5,95,87,13,41.6
pcb1,resize_roundtrip,4,0.976,0.8510046126279738,0.05,0.86,0.0072992700729927005,5,95,86,14,43.8
pcb1,resize_roundtrip,5,0.9762,0.843651303304566,0.06,0.95,0.0072992700729927005,6,94,95,5,42.0
pcb1,noise_jpeg,1,0.9787,0.8593022045776747,0.05,0.84,0.0072992700729927005,5,95,84,16,61.0
pcb1,noise_jpeg,2,0.9773,0.8584769301321077,0.05,0.84,0.0072992700729927005,5,95,84,16,72.3
pcb1,noise_jpeg,3,0.9781,0.856926945851601,0.05,0.86,0.0072992700729927005,5,95,86,14,60.3
pcb1,noise_jpeg,4,0.9775,0.8488264109047067,0.05,0.85,0.0072992700729927005,5,95,85,15,71.5
pcb1,noise_jpeg,5,0.9782,0.8422562282479288,0.05,0.84,0.0072992700729927005,5,95,84,16,73.9
macaroni2,clean,0,0.8866,0.8818486916372106,0.02,0.47,0.007352941176470588,2,98,47,53,40.8
macaroni2,gaussian_blur,1,0.8841,0.8735669141795157,0.02,0.46,0.007352941176470588,2,98,46,54,45.3
macaroni2,gaussian_blur,2,0.8575,0.8111957185653509,0.04,0.49,0.007352941176470588,4,96,49,51,41.0
macaroni2,gaussian_blur,3,0.8318,0.7418581744887082,0.28,0.73,0.007352941176470588,28,72,73,27,40.7
macaroni2,gaussian_blur,4,0.8175,0.6529014979700145,1.0,1.0,0.007352941176470588,100,0,100,0,40.0
macaroni2,gaussian_blur,5,0.7703,0.5349927603390204,1.0,1.0,0.007352941176470588,100,0,100,0,40.6
macaroni2,defocus_blur,1,0.8852,0.8677358073855859,0.02,0.44,0.007352941176470588,2,98,44,56,56.2
macaroni2,defocus_blur,2,0.8774,0.8452775372062116,0.02,0.44,0.007352941176470588,2,98,44,56,43.3
macaroni2,defocus_blur,3,0.8617,0.818878158347521,0.04,0.49,0.007352941176470588,4,96,49,51,45.9
macaroni2,defocus_blur,4,0.8519,0.7981160463154898,0.06,0.53,0.007352941176470588,6,94,53,47,45.5
macaroni2,defocus_blur,5,0.8498,0.772972237225228,0.09,0.61,0.007352941176470588,9,91,61,39,44.4
macaroni2,exposure_up,1,0.8129,0.8561483126748951,0.02,0.45,0.007352941176470588,2,98,45,55,79.8
macaroni2,exposure_up,2,0.7524,0.6342047285431657,1.0,1.0,0.007352941176470588,100,0,100,0,92.5
macaroni2,exposure_up,3,0.5604,0.36448176779655606,1.0,1.0,0.007352941176470588,100,0,100,0,93.3
macaroni2,exposure_up,4,0.5352,0.3108184751243753,1.0,1.0,0.007352941176470588,100,0,100,0,93.6
macaroni2,exposure_up,5,0.5826,0.26783707755274067,1.0,1.0,0.007352941176470588,100,0,100,0,95.6
macaroni2,exposure_down,1,0.8904,0.8905919990883883,0.02,0.49,0.007352941176470588,2,98,49,51,96.1
macaroni2,exposure_down,2,0.9165,0.905717652016519,0.03,0.56,0.007352941176470588,3,97,56,44,98.4
macaroni2,exposure_down,3,0.9209,0.8944147261212557,0.07,0.7,0.007352941176470588,7,93,70,30,95.9
macaroni2,exposure_down,4,0.8375,0.832027599417525,0.58,0.94,0.007352941176470588,58,42,94,6,98.8
macaroni2,exposure_down,5,0.5662,0.6240480813862954,1.0,1.0,0.007352941176470588,100,0,100,0,95.7
macaroni2,spatial_light,1,0.8821,0.8820535310630018,0.02,0.46,0.007352941176470588,2,98,46,54,94.2
macaroni2,spatial_light,2,0.8889,0.8826178436340909,0.02,0.45,0.007352941176470588,2,98,45,55,92.6
macaroni2,spatial_light,3,0.9009,0.8842630594864866,0.02,0.47,0.007352941176470588,2,98,47,53,92.3
macaroni2,spatial_light,4,0.8528,0.8787094220105857,0.04,0.5,0.007352941176470588,4,96,50,50,95.2
macaroni2,spatial_light,5,0.8425,0.8385373683718298,0.03,0.51,0.007352941176470588,3,97,51,49,92.4
macaroni2,resize_roundtrip,1,0.8837,0.8693481004089565,0.02,0.43,0.007352941176470588,2,98,43,57,61.3
macaroni2,resize_roundtrip,2,0.8817,0.86449941348246,0.02,0.43,0.007352941176470588,2,98,43,57,62.4
macaroni2,resize_roundtrip,3,0.8802,0.8585790576960958,0.02,0.43,0.007352941176470588,2,98,43,57,62.9
macaroni2,resize_roundtrip,4,0.8782,0.8487283306412288,0.02,0.43,0.007352941176470588,2,98,43,57,65.3
macaroni2,resize_roundtrip,5,0.8636,0.8275984484284868,0.03,0.46,0.007352941176470588,3,97,46,54,65.3
macaroni2,noise_jpeg,1,0.888,0.8800874963039453,0.02,0.48,0.007352941176470588,2,98,48,52,109.8
macaroni2,noise_jpeg,2,0.8859,0.8766287628233077,0.02,0.48,0.007352941176470588,2,98,48,52,107.0
macaroni2,noise_jpeg,3,0.8802,0.8731875796031089,0.02,0.47,0.007352941176470588,2,98,47,53,107.0
macaroni2,noise_jpeg,4,0.9026,0.8710338154414282,0.02,0.52,0.007352941176470588,2,98,52,48,99.5
macaroni2,noise_jpeg,5,0.9044,0.8579498893832588,0.03,0.58,0.007352941176470588,3,97,58,42,93.0
capsules,clean,0,0.9163333333333333,0.8529153485361592,0.016666666666666666,0.51,0.012195121951219513,1,59,51,49,53.7
capsules,gaussian_blur,1,0.8023333333333333,0.6460015565619348,0.95,0.99,0.012195121951219513,57,3,99,1,54.0
capsules,gaussian_blur,2,0.5758333333333333,0.29392532323753995,1.0,1.0,0.012195121951219513,60,0,100,0,59.5
capsules,gaussian_blur,3,0.6278333333333334,0.22689140805583924,1.0,1.0,0.012195121951219513,60,0,100,0,40.0
capsules,gaussian_blur,4,0.5693333333333334,0.22724045403987428,1.0,1.0,0.012195121951219513,60,0,100,0,46.6
capsules,gaussian_blur,5,0.5201666666666667,0.1683675242075028,1.0,1.0,0.012195121951219513,60,0,100,0,59.6
capsules,defocus_blur,1,0.85,0.7804073576868061,0.15,0.7,0.012195121951219513,9,51,70,30,34.6
capsules,defocus_blur,2,0.7216666666666667,0.5133934656390422,1.0,1.0,0.012195121951219513,60,0,100,0,42.7
capsules,defocus_blur,3,0.6235,0.4207762933444889,1.0,1.0,0.012195121951219513,60,0,100,0,43.2
capsules,defocus_blur,4,0.5826666666666667,0.3044685081615342,1.0,1.0,0.012195121951219513,60,0,100,0,45.7
capsules,defocus_blur,5,0.5891666666666666,0.23570091639979454,1.0,1.0,0.012195121951219513,60,0,100,0,48.2
capsules,exposure_up,1,0.915,0.8614936027802957,0.016666666666666666,0.58,0.012195121951219513,1,59,58,42,41.2
capsules,exposure_up,2,0.7566666666666667,0.21245847499657736,1.0,1.0,0.012195121951219513,60,0,100,0,42.2
capsules,exposure_up,3,0.557,0.0751565391934679,1.0,1.0,0.012195121951219513,60,0,100,0,42.8
capsules,exposure_up,4,0.3928333333333333,0.21353764875543338,1.0,1.0,0.012195121951219513,60,0,100,0,42.2
capsules,exposure_up,5,0.37916666666666665,0.29695059826804565,1.0,1.0,0.012195121951219513,60,0,100,0,42.0
capsules,exposure_down,1,0.9291666666666667,0.8630669059064663,0.016666666666666666,0.56,0.012195121951219513,1,59,56,44,41.2
capsules,exposure_down,2,0.923,0.8531147980184397,0.016666666666666666,0.62,0.012195121951219513,1,59,62,38,41.1
capsules,exposure_down,3,0.9148333333333334,0.8278749540516447,0.06666666666666667,0.75,0.012195121951219513,4,56,75,25,41.1
capsules,exposure_down,4,0.8796666666666667,0.7845463940303904,0.8333333333333334,0.97,0.012195121951219513,50,10,97,3,41.0
capsules,exposure_down,5,0.7705,0.6806270417556473,1.0,1.0,0.012195121951219513,60,0,100,0,41.3
capsules,spatial_light,1,0.9131666666666667,0.8531577216364639,0.016666666666666666,0.51,0.012195121951219513,1,59,51,49,44.0
capsules,spatial_light,2,0.9186666666666666,0.8543830725225366,0.016666666666666666,0.55,0.012195121951219513,1,59,55,45,43.9
capsules,spatial_light,3,0.9193333333333333,0.8527675101652766,0.016666666666666666,0.54,0.012195121951219513,1,59,54,46,43.7
capsules,spatial_light,4,0.926,0.8468669414708698,0.016666666666666666,0.55,0.012195121951219513,1,59,55,45,44.0
capsules,spatial_light,5,0.8873333333333333,0.7992182814380967,0.06666666666666667,0.63,0.012195121951219513,4,56,63,37,43.9
capsules,resize_roundtrip,1,0.9075,0.8383229036944445,0.016666666666666666,0.54,0.012195121951219513,1,59,54,46,32.6
capsules,resize_roundtrip,2,0.9078333333333334,0.834252872261187,0.016666666666666666,0.54,0.012195121951219513,1,59,54,46,32.2
capsules,resize_roundtrip,3,0.9015,0.8271911426823904,0.016666666666666666,0.56,0.012195121951219513,1,59,56,44,32.5
capsules,resize_roundtrip,4,0.8888333333333334,0.8167257914650524,0.03333333333333333,0.56,0.012195121951219513,2,58,56,44,32.3
capsules,resize_roundtrip,5,0.8695,0.7996447820409808,0.06666666666666667,0.61,0.012195121951219513,4,56,61,39,32.2
capsules,noise_jpeg,1,0.9188333333333333,0.8527301630010304,0.016666666666666666,0.52,0.012195121951219513,1,59,52,48,47.2
capsules,noise_jpeg,2,0.9123333333333333,0.8516072395990273,0.016666666666666666,0.51,0.012195121951219513,1,59,51,49,47.2
capsules,noise_jpeg,3,0.9058333333333334,0.8503004628717071,0.016666666666666666,0.5,0.012195121951219513,1,59,50,50,46.7
capsules,noise_jpeg,4,0.9043333333333333,0.857295318124025,0.03333333333333333,0.5,0.012195121951219513,2,58,50,50,46.6
capsules,noise_jpeg,5,0.8858333333333334,0.8454058455750261,0.016666666666666666,0.54,0.012195121951219513,1,59,54,46,46.5
